{"precision":0.6679874125,"recall":0.6647322971,"f1-score":0.6648012932,"support":14475.0}