{"precision":0.8276973247,"recall":0.8276963937,"f1-score":0.8276923886,"support":24097.0}