{"precision":0.8261179161,"recall":0.826119434,"f1-score":0.8261173945,"support":24097.0}