{"precision":0.6288302219,"recall":0.6294715026,"f1-score":0.627215402,"support":24125.0}