{"precision":0.6309664803,"recall":0.630880829,"f1-score":0.6288935723,"support":24125.0}