{"precision":0.6332085919,"recall":0.6339067358,"f1-score":0.6312460675,"support":24125.0}