{"precision":0.6361398893,"recall":0.6332849741,"f1-score":0.6331328208,"support":24125.0}