{"precision":0.6407533372,"recall":0.638507772,"f1-score":0.6384515305,"support":24125.0}