{"precision":0.6352203018,"recall":0.6324559585,"f1-score":0.6324239984,"support":24125.0}